[{"name": "Клюква", "method": "add", "param": 83}, {"name": "Лук-порей", "method": "percent+", "param": 0.03}, {"name": "Слива", "method": "percent+", "param": 0.02}, {"name": "Пакеты для походов", "method": "sub", "param": 30}, {"name": "Каша из дробленного пшена", "method": "sub", "param": 13}, {"name": "Масло подсолнечное", "method": "add", "param": 81}, {"name": "Артек", "method": "add", "param": 83}, {"name": "Мацеста", "method": "sub", "param": 41}, {"name": "Робот-пылесос", "method": "add", "param": 59}, {"name": "Лавровый лист сушеный", "method": "percent+", "param": 0.08}, {"name": "Кофеварка", "method": "percent-", "param": 0.1}, {"name": "Российский сыр", "method": "add", "param": 81}, {"name": "Волжанка", "method": "add", "param": 52}, {"name": "Укроп сушеный", "method": "percent-", "param": 0.07}, {"name": "Квас хлебный", "method": "add", "param": 25}, {"name": "Чабрец сушеный", "method": "percent+", "param": 0.04}, {"name": "Курортная", "method": "percent+", "param": 0.03}, {"name": "Каша из амаранта", "method": "percent-", "param": 0.02}, {"name": "Пакеты для Дня независимости", "method": "percent-", "param": 0.02}, {"name": "Пироги с мясом", "method": "add", "param": 99}, {"name": "Редис", "method": "sub", "param": 38}, {"name": "Кукуруза консервированная", "method": "percent+", "param": 0.07}, {"name": "Пельмени", "method": "add", "param": 96}, {"name": "Шадринская", "method": "sub", "param": 71}, {"name": "Каша из дробленной манной крупы", "method": "percent+", "param": 0.1}, {"name": "Гранат", "method": "percent-", "param": 0.02}, {"name": "Сухое мясо", "method": "sub", "param": 41}, {"name": "Каша из овса", "method": "add", "param": 52}, {"name": "Сок грейпфрутовый", "method": "sub", "param": 35}, {"name": "Пастернак", "method": "percent+", "param": 0.01}, {"name": "Огурец", "method": "percent+", "param": 0.03}, {"name": "Горох", "method": "add", "param": 66}, {"name": "Пакеты для Всемирного дня книг", "method": "percent+", "param": 0.08}, {"name": "Подольская", "method": "percent+", "param": 0.04}, {"name": "Йогурт", "method": "percent+", "param": 0.07}, {"name": "Гамбургеры", "method": "percent-", "param": 0.05}, {"name": "Пиво безалкогольное", "method": "percent+", "param": 0.08}, {"name": "Кофе молотый", "method": "percent-", "param": 0.07}, {"name": "Пакеты для Дня матери", "method": "sub", "param": 54}, {"name": "Эндивий", "method": "add", "param": 4}, {"name": "Спаржа", "method": "sub", "param": 45}, {"name": "Гауда", "method": "sub", "param": 80}, {"name": "Пакеты для Дня влюбленных", "method": "percent+", "param": 0.06}, {"name": "Майонез", "method": "sub", "param": 82}, {"name": "Абрикос", "method": "percent+", "param": 0.04}, {"name": "Вяленое мясо", "method": "percent-", "param": 0.09}, {"name": "Индейка", "method": "add", "param": 7}, {"name": "Чечевица", "method": "percent+", "param": 0.06}, {"name": "Чизбургеры", "method": "percent+", "param": 0.04}, {"name": "Пахта", "method": "percent+", "param": 0.08}, {"name": "Сальтисон", "method": "sub", "param": 60}, {"name": "Пакеты для Всемирного дня здоровья", "method": "percent+", "param": 0.07}, {"name": "Плавленые сырки", "method": "sub", "param": 79}, {"name": "Тульская", "method": "add", "param": 11}, {"name": "Топинамбур", "method": "percent-", "param": 0.1}, {"name": "Сыворотка молочная", "method": "percent+", "param": 0.09}, {"name": "Молочный шоколад", "method": "sub", "param": 55}, {"name": "Куриные грудки", "method": "sub", "param": 67}, {"name": "Лопатка", "method": "percent-", "param": 0.01}, {"name": "Помидор", "method": "add", "param": 48}, {"name": "Дыня", "method": "sub", "param": 64}, {"name": "Верблюжье молоко", "method": "percent+", "param": 0.07}, {"name": "Рулька", "method": "sub", "param": 6}, {"name": "Окра", "method": "add", "param": 93}, {"name": "Черника", "method": "add", "param": 36}, {"name": "Шелковица", "method": "sub", "param": 38}, {"name": "Фета", "method": "percent+", "param": 0.08}, {"name": "Рамбутан", "method": "sub", "param": 93}, {"name": "Пакеты для бассейна", "method": "add", "param": 81}, {"name": "Пармезан", "method": "percent+", "param": 0.02}, {"name": "Каша из дробленного риса", "method": "percent-", "param": 0.02}, {"name": "Оленина", "method": "add", "param": 79}, {"name": "Швабра", "method": "percent+", "param": 0.04}, {"name": "Пылесос", "method": "sub", "param": 41}, {"name": "Йогурт натуральный", "method": "percent-", "param": 0.04}, {"name": "Тверская", "method": "percent-", "param": 0.1}, {"name": "Пакеты для кемпинга", "method": "percent+", "param": 0.03}, {"name": "Мацони", "method": "add", "param": 88}, {"name": "Студень", "method": "add", "param": 44}, {"name": "Ивантеевская", "method": "sub", "param": 69}, {"name": "Соевый напиток", "method": "sub", "param": 71}, {"name": "Укроп", "method": "percent-", "param": 0.06}, {"name": "Сок морковный", "method": "percent+", "param": 0.05}, {"name": "Шпинат", "method": "percent+", "param": 0.08}, {"name": "Чеснок", "method": "percent+", "param": 0.05}, {"name": "Марциальная вода", "method": "sub", "param": 78}, {"name": "Эмменталь", "method": "percent-", "param": 0.03}, {"name": "Хурма", "method": "percent-", "param": 0.07}, {"name": "Голландский сыр", "method": "percent-", "param": 0.01}, {"name": "Карамбола", "method": "sub", "param": 54}, {"name": "Каша из пшена", "method": "sub", "param": 67}, {"name": "Ванилин", "method": "percent+", "param": 0.09}, {"name": "Батат", "method": "add", "param": 37}, {"name": "Каша из камута", "method": "percent-", "param": 0.02}, {"name": "Варенье", "method": "add", "param": 79}, {"name": "Корица молотая", "method": "add", "param": 1}, {"name": "Каша из дробленой ячменя", "method": "add", "param": 92}, {"name": "Пшено", "method": "percent-", "param": 0.06}, {"name": "Патиссон", "method": "add", "param": 93}, {"name": "Алтайская россыпь", "method": "percent+", "param": 0.09}, {"name": "Сельдерей", "method": "sub", "param": 15}, {"name": "Адыгейский сыр", "method": "percent-", "param": 0.07}, {"name": "Моющее средство для стекол", "method": "percent-", "param": 0.07}, {"name": "Пакеты для игрушек", "method": "add", "param": 15}, {"name": "Расческа", "method": "sub", "param": 78}, {"name": "Сок ананасовый", "method": "sub", "param": 17}, {"name": "Грейпфрут", "method": "percent+", "param": 0.07}, {"name": "Моцарелла", "method": "percent+", "param": 0.08}, {"name": "Варено-копченая колбаса", "method": "sub", "param": 27}, {"name": "Белый шоколад", "method": "sub", "param": 32}, {"name": "Ананас", "method": "percent+", "param": 0.08}, {"name": "Чеддер", "method": "add", "param": 8}, {"name": "Рубец", "method": "sub", "param": 39}, {"name": "Щелковская", "method": "percent+", "param": 0.07}, {"name": "Рис", "method": "add", "param": 3}, {"name": "Коломенская", "method": "add", "param": 41}, {"name": "Базилик сушеный", "method": "percent-", "param": 0.05}, {"name": "Стаканы", "method": "percent-", "param": 0.05}, {"name": "Молоко", "method": "add", "param": 81}, {"name": "Свекла", "method": "percent-", "param": 0.05}, {"name": "Курт", "method": "percent-", "param": 0.02}, {"name": "Ряженка", "method": "percent-", "param": 0.05}, {"name": "Сок апельсиновый", "method": "percent-", "param": 0.1}, {"name": "Тартар", "method": "add", "param": 85}, {"name": "Клубника", "method": "sub", "param": 89}, {"name": "Портулак", "method": "add", "param": 34}, {"name": "Пакеты для концерта", "method": "percent-", "param": 0.02}, {"name": "Соус соевый", "method": "percent-", "param": 0.06}, {"name": "Забайкальская", "method": "percent+", "param": 0.08}, {"name": "Пакеты для семинара", "method": "percent-", "param": 0.02}, {"name": "Турнепс", "method": "sub", "param": 27}, {"name": "Каша из перловки", "method": "add", "param": 73}, {"name": "Зефир", "method": "add", "param": 40}, {"name": "Манго", "method": "add", "param": 61}, {"name": "Петрушка корневая", "method": "sub", "param": 46}, {"name": "Катык", "method": "percent-", "param": 0.01}, {"name": "Растительное масло кунжутное", "method": "add", "param": 69}, {"name": "Каркаде", "method": "percent+", "param": 0.07}, {"name": "Кунжут белый", "method": "percent-", "param": 0.04}, {"name": "Пакеты для лекарств", "method": "add", "param": 86}, {"name": "Смородина", "method": "percent+", "param": 0.04}, {"name": "Энчиладас с мясом", "method": "percent+", "param": 0.08}, {"name": "Кефир", "method": "add", "param": 66}, {"name": "Каша из проса", "method": "sub", "param": 68}, {"name": "Папайя", "method": "sub", "param": 81}, {"name": "Шубат", "method": "percent+", "param": 0.05}, {"name": "Мешки для мусора", "method": "sub", "param": 1}, {"name": "Репа", "method": "percent+", "param": 0.02}, {"name": "Мороженое", "method": "sub", "param": 92}, {"name": "Кефир", "method": "add", "param": 73}, {"name": "Тыквенные семечки", "method": "add", "param": 8}, {"name": "Морковь", "method": "percent+", "param": 0.05}, {"name": "Банан", "method": "add", "param": 54}, {"name": "Лимон", "method": "percent+", "param": 0.03}, {"name": "Картофель", "method": "percent-", "param": 0.1}, {"name": "Златоустовская", "method": "percent+", "param": 0.09}, {"name": "Кокос", "method": "sub", "param": 56}, {"name": "Мандарин", "method": "add", "param": 8}, {"name": "Айва", "method": "percent+", "param": 0.01}, {"name": "Каша из дробленной гречки", "method": "percent+", "param": 0.04}, {"name": "Пакеты для микроволновки", "method": "add", "param": 3}, {"name": "Бритвенный станок", "method": "add", "param": 30}, {"name": "Формы для выпечки", "method": "percent-", "param": 0.1}, {"name": "Дезодорант", "method": "percent-", "param": 0.09}, {"name": "Пакеты для Всемирного дня музыки", "method": "sub", "param": 15}, {"name": "Сухое молоко", "method": "percent+", "param": 0.08}, {"name": "Каша из киноа", "method": "add", "param": 45}, {"name": "Нектарин", "method": "percent+", "param": 0.09}, {"name": "Чиа семена", "method": "percent-", "param": 0.08}, {"name": "Кунжут черный", "method": "add", "param": 14}, {"name": "Брокколи", "method": "add", "param": 56}, {"name": "Чебуреки", "method": "sub", "param": 98}, {"name": "Простыни", "method": "sub", "param": 47}, {"name": "Пакеты для библиотеки", "method": "sub", "param": 68}, {"name": "Куриные крылышки", "method": "percent+", "param": 0.08}, {"name": "Камамбер", "method": "percent-", "param": 0.04}, {"name": "Вологодская", "method": "percent-", "param": 0.08}, {"name": "Семечки (тыквенные, подсолнечника)", "method": "percent+", "param": 0.02}, {"name": "Перец болгарский", "method": "percent+", "param": 0.1}, {"name": "Малина", "method": "sub", "param": 57}, {"name": "Черешня", "method": "percent-", "param": 0.1}, {"name": "Каша из дробленой перловки", "method": "add", "param": 14}, {"name": "Bonaqua", "method": "percent-", "param": 0.06}, {"name": "Гвоздика молотая", "method": "percent+", "param": 0.09}, {"name": "Куриные субпродукты", "method": "add", "param": 71}, {"name": "Кольраби", "method": "percent+", "param": 0.03}, {"name": "Обуховская", "method": "add", "param": 18}, {"name": "Сочи", "method": "percent-", "param": 0.07}, {"name": "Пакеты для детских вещей", "method": "sub", "param": 22}, {"name": "Задняя часть", "method": "percent-", "param": 0.04}, {"name": "Капуста белокочанная", "method": "add", "param": 40}, {"name": "Гель для душа", "method": "sub", "param": 7}, {"name": "Груша", "method": "add", "param": 14}, {"name": "Индюшатина", "method": "percent-", "param": 0.03}, {"name": "Каймак", "method": "percent+", "param": 0.02}, {"name": "Карбонад", "method": "percent-", "param": 0.03}, {"name": "Яблоко", "method": "add", "param": 5}, {"name": "Сангрия безалкогольная", "method": "percent+", "param": 0.07}, {"name": "Тюменская", "method": "percent-", "param": 0.03}, {"name": "Ложки чайные", "method": "add", "param": 57}, {"name": "Сидр яблочный", "method": "add", "param": 59}, {"name": "Каша из поленты", "method": "percent-", "param": 0.06}, {"name": "Самса", "method": "sub", "param": 6}, {"name": "Каша из полбы", "method": "percent-", "param": 0.06}, {"name": "Fruko Schulz", "method": "add", "param": 94}, {"name": "Сливки", "method": "percent-", "param": 0.05}, {"name": "Окорок", "method": "percent+", "param": 0.07}, {"name": "Пакеты для подарков", "method": "percent-", "param": 0.03}, {"name": "Варенец", "method": "sub", "param": 100}, {"name": "Засоленное мясо", "method": "sub", "param": 65}]